W:\Theoretical Planning\All foto cmd\Архив 2019\Архив 2019\37682\37682- Макрооптика(20шт YZ.).xls,37682
W:\Theoretical Planning\All foto cmd\Архив 2019\Архив 2019\37704\37704- Сатурн.xls,37704
W:\Theoretical Planning\All foto cmd\Архив 2019\Архив 2019\37708\37708 (YZ).xls,37708
"W:\Theoretical Planning\All foto cmd\Архив 2019\Архив 2019\37762\37762-1 (1комплект, запуск) СтратНаноТек Инвест.xls",37762
"W:\Theoretical Planning\All foto cmd\Архив 2019\Архив 2019\37762\37762-2 (3комплекта, запуск) СтратНаноТек Инвест_2019_02_08.xls",37762
"W:\Theoretical Planning\All foto cmd\Архив 2019\Архив 2019\37763\37763-1 (1комплект, запуск) СтратНаноТек Инвест.xls",37763
"W:\Theoretical Planning\All foto cmd\Архив 2019\Архив 2019\37763\37763-2 (3комплекта, запуск) СтратНаноТек Инвест.xls",37763
W:\Theoretical Planning\All foto cmd\Архив 2019\Архив 2019\37766\37766-1 (1комплект - запуск)   - СтратНаноТек Инвест_2019_01_21.xls,37766
W:\Theoretical Planning\All foto cmd\Архив 2019\Архив 2019\37766\37766-2 (3 комплекта - запуск)   - СтратНаноТек Инвест_2019_01_21.xls,37766
"W:\Theoretical Planning\All foto cmd\Архив 2019\Архив 2019\37769\37769-1 (1 комплект, запуск) - Стратнанотек.xls",37769
"W:\Theoretical Planning\All foto cmd\Архив 2019\Архив 2019\37769\37769-2 (3 комплекта, запуск) - Стратнанотек.xls",37769
W:\Theoretical Planning\All foto cmd\Архив 2019\Архив 2019\37769\37769-3 (втулки).xls,37769
W:\Theoretical Planning\All foto cmd\Архив 2019\Архив 2019\37785\37785-Пеленг.xls,37785
W:\Theoretical Planning\All foto cmd\Архив 2019\Архив 2019\37791\37791 - Лекфарм.xls,37791
W:\Theoretical Planning\All foto cmd\Архив 2019\Архив 2019\37794\37794 - ECA HYTEC_2018_01_19.xls,37794
W:\Theoretical Planning\All foto cmd\Архив 2019\Архив 2019\37800\37800 - Y Tamuz (для КП) - 6061T6_2019_03_26.xls,37800
W:\Theoretical Planning\All foto cmd\Архив 2019\Архив 2019\37805\37805 - ECA HYTEC.xls,37805
W:\Theoretical Planning\All foto cmd\Архив 2019\Архив 2019\37807\37807-1 - Стратнанотек Инвест.xls,37807
W:\Theoretical Planning\All foto cmd\Архив 2019\Архив 2019\37807\37807-10\37807 - 10 - Стратнанотек.xls,37807
W:\Theoretical Planning\All foto cmd\Архив 2019\Архив 2019\37807\37807-11\37807-11 - Стратнанотек.xls,37807
W:\Theoretical Planning\All foto cmd\Архив 2019\Архив 2019\37807\37807-12\37807 - 12 - Стратнанотек.xls,37807
W:\Theoretical Planning\All foto cmd\Архив 2019\Архив 2019\37807\37807-2\37807-2 - Стратнанотек Инвест.xls,37807
W:\Theoretical Planning\All foto cmd\Архив 2019\Архив 2019\37807\37807-3\37807-3 - Стратнанотек Инвест.xls,37807
W:\Theoretical Planning\All foto cmd\Архив 2019\Архив 2019\37807\37807-4\37807-4  - Стратнанотек Инвест_2019_02_20.xls,37807
W:\Theoretical Planning\All foto cmd\Архив 2019\Архив 2019\37807\37807-5\37807-5 - Стратнанотек.xls,37807
W:\Theoretical Planning\All foto cmd\Архив 2019\Архив 2019\37807\37807-7\37807-7 - Стратнанотек.xls,37807
W:\Theoretical Planning\All foto cmd\Архив 2019\Архив 2019\37807\37807-8\37807-8 - Стратнанотек.xls,37807
W:\Theoretical Planning\All foto cmd\Архив 2019\Архив 2019\37807\37807-9\37807-9 - Стратнанотек.xls,37807
W:\Theoretical Planning\All foto cmd\Архив 2019\Архив 2019\37810\37810 - ECA HYTEC.xls,37810
W:\Theoretical Planning\All foto cmd\Архив 2019\Архив 2019\37811\37811 - ОКБ ТСП.xls,37811
W:\Theoretical Planning\All foto cmd\Архив 2019\Архив 2019\37813\37813 - Унитехпром БГУ.xls,37813
W:\Theoretical Planning\All foto cmd\Архив 2019\Архив 2019\37814\37814 - ECA HYTEC.xls,37814
W:\Theoretical Planning\All foto cmd\Архив 2019\Архив 2019\37816\37816 - Армалит (КП) .xls,37816
W:\Theoretical Planning\All foto cmd\Архив 2019\Архив 2019\37823\37823 - НПП Александр.xls,37823
W:\Theoretical Planning\All foto cmd\Архив 2019\Архив 2019\37823\37823-1\37823-1 - Александр.xls,37823
W:\Theoretical Planning\All foto cmd\Архив 2019\Архив 2019\37824\37824 - Розум_2019_04_11.xls,37824
W:\Theoretical Planning\All foto cmd\Архив 2019\Архив 2019\37824\37824-1\37824 -1 - Розум Роботикс.xls,37824
W:\Theoretical Planning\All foto cmd\Архив 2019\Архив 2019\37825\37825 - Розум_2019_04_12.xls,37825
W:\Theoretical Planning\All foto cmd\Архив 2019\Архив 2019\37825\37825-1\37825-1 - Розум Роботикс.xls,37825
W:\Theoretical Planning\All foto cmd\Архив 2019\Архив 2019\37826\37826 - Розум_2019_04_17.xls,37826
W:\Theoretical Planning\All foto cmd\Архив 2019\Архив 2019\37826\37826-1\37826-1 - Розум Роботикс.xls,37826
W:\Theoretical Planning\All foto cmd\Архив 2019\Архив 2019\37827\37827 - НПООО ОКБ ТСП.xls,37827
W:\Theoretical Planning\All foto cmd\Архив 2019\Архив 2019\37828\37828-ECA HYTEC.xls,37828
W:\Theoretical Planning\All foto cmd\Архив 2019\Архив 2019\37829\37829 - Техномаш.xls,37829
W:\Theoretical Planning\All foto cmd\Архив 2019\Архив 2019\37831\37831- Сименс.xls,37831
W:\Theoretical Planning\All foto cmd\Архив 2019\Архив 2019\37832\37832-Сименс.xls,37832
W:\Theoretical Planning\All foto cmd\Архив 2019\Архив 2019\37834\37834 - Стратнанотек.xls,37834
W:\Theoretical Planning\All foto cmd\Архив 2019\Архив 2019\37834\37834-3\37834-3 - Стратнанотек 18.06.19.xls,37834
W:\Theoretical Planning\All foto cmd\Архив 2019\Архив 2019\37834\37834-3\37834-3 - Стратнанотек_2019_04_16.xls,37834
W:\Theoretical Planning\All foto cmd\Архив 2019\Архив 2019\37834\37834-3\37834-3 - Стратнанотек_2019_06_18.xls,37834
W:\Theoretical Planning\All foto cmd\Архив 2019\Архив 2019\37837\37837-1-Стратнанотек.xls,37837
W:\Theoretical Planning\All foto cmd\Архив 2019\Архив 2019\37837\37837-2- Стратнанотек.xls,37837
W:\Theoretical Planning\All foto cmd\Архив 2019\Архив 2019\37838\37838 - Тахат Акси.xls,37838
W:\Theoretical Planning\All foto cmd\Архив 2019\Архив 2019\37839\37839 - Техномаш.xls,37839
W:\Theoretical Planning\All foto cmd\Архив 2019\Архив 2019\37843\37843-Гидросила Белар_2019_02_04.xls,37843
W:\Theoretical Planning\All foto cmd\Архив 2019\Архив 2019\37846\37846- МСП Технолоджи.xls,37846
W:\Theoretical Planning\All foto cmd\Архив 2019\Архив 2019\37847\37847 - Компания МК.xls,37847
W:\Theoretical Planning\All foto cmd\Архив 2019\Архив 2019\37848\37848 - Fiberlab.xls,37848
W:\Theoretical Planning\All foto cmd\Архив 2019\Архив 2019\37850\37850 - Неро Электроникс.xls,37850
W:\Theoretical Planning\All foto cmd\Архив 2019\Архив 2019\37851\37851-СтратНаноТек Инвест.xls,37851
W:\Theoretical Planning\All foto cmd\Архив 2019\Архив 2019\37852\37852 - Fiberlab - 5.xls,37852
W:\Theoretical Planning\All foto cmd\Архив 2019\Архив 2019\37852\37852_2\37852-2 - Fiberlab.xls,37852
W:\Theoretical Planning\All foto cmd\Архив 2019\Архив 2019\37853\37853 - ЦНИП (запуск)_2019_03_29.xls,37853
W:\Theoretical Planning\All foto cmd\Архив 2019\Архив 2019\37858\37858 - Респект +.xls,37858
W:\Theoretical Planning\All foto cmd\Архив 2019\Архив 2019\37860\37860- СтратНаноТек Инвест_2019_02_21.xls,37860
W:\Theoretical Planning\All foto cmd\Архив 2019\Архив 2019\37861\37861-12\37861_12_ЦНИП (Станок)нов.xls,37861
W:\Theoretical Planning\All foto cmd\Архив 2019\Архив 2019\37861\37861-5\37861_5_ЦНИП (Вертлюг)_21_06_19.xls,37861
W:\Theoretical Planning\All foto cmd\Архив 2019\Архив 2019\37861\37861-5\37861_9_ЦНИП (Механизм подъемный)нов.xls,37861
W:\Theoretical Planning\All foto cmd\Архив 2019\Архив 2019\37861\37861-6\37861_6_ЦНИП (Люлька)нов.xls,37861
"W:\Theoretical Planning\All foto cmd\Архив 2019\Архив 2019\37861\37861-7\37861_7_ЦНИП( Кронштейн визира)4,07,19.xls",37861
W:\Theoretical Planning\All foto cmd\Архив 2019\Архив 2019\37861\37861-8\37861_8_ЦНИП (Механизм поворотный)нов.xls,37861
W:\Theoretical Planning\All foto cmd\Архив 2019\Архив 2019\37861\37861-9\37861_9_ЦНИП (Механизм подъемный)нов.xls,37861
W:\Theoretical Planning\All foto cmd\Архив 2019\Архив 2019\37862\37862 - Стратнанотек.xls,37862
W:\Theoretical Planning\All foto cmd\Архив 2019\Архив 2019\37864\37864 - СтратНаноТек Инвест.xls,37864
W:\Theoretical Planning\All foto cmd\Архив 2019\Архив 2019\37865\37865 - СтратНаноТек Инвес.xls,37865
W:\Theoretical Planning\All foto cmd\Архив 2019\Архив 2019\37871\37871-Компо.xls,37871
W:\Theoretical Planning\All foto cmd\Архив 2019\Архив 2019\37872\37872- Сименс.xls,37872
W:\Theoretical Planning\All foto cmd\Архив 2019\Архив 2019\37876\37876 - СтратНаноТек.xls,37876
W:\Theoretical Planning\All foto cmd\Архив 2019\Архив 2019\37877\37877- Лекфарм.xls,37877
W:\Theoretical Planning\All foto cmd\Архив 2019\Архив 2019\37879\37879 - ECA HYTEC.xls,37879
W:\Theoretical Planning\All foto cmd\Архив 2019\Архив 2019\37880\37880- СтратНаноТек Инвест.xls,37880
W:\Theoretical Planning\All foto cmd\Архив 2019\Архив 2019\37881\37881-СтратНанотек Инвест.xls,37881
W:\Theoretical Planning\All foto cmd\Архив 2019\Архив 2019\37885\37885 -НПП Александр.xls,37885
W:\Theoretical Planning\All foto cmd\Архив 2019\Архив 2019\37886\37886 - НПП Александр (1 комплект).xls,37886
W:\Theoretical Planning\All foto cmd\Архив 2019\Архив 2019\37887\37887 - СтратНаноТек.xls,37887
W:\Theoretical Planning\All foto cmd\Архив 2019\Архив 2019\37889\37889 -ИП Злобич.xls,37889
W:\Theoretical Planning\All foto cmd\Архив 2019\Архив 2019\37890\37890 - ECA HYTEC_2019_02_21.xls,37890
W:\Theoretical Planning\All foto cmd\Архив 2019\Архив 2019\37891\37891 - СтратНаноТек.xls,37891
W:\Theoretical Planning\All foto cmd\Архив 2019\Архив 2019\37895\37895 - ECA HYTEC.xls,37895
W:\Theoretical Planning\All foto cmd\Архив 2019\Архив 2019\37897\37897-ECA HYTEC.xls,37897
W:\Theoretical Planning\All foto cmd\Архив 2019\Архив 2019\37899\37899 - ECA HYTEC.xls,37899
W:\Theoretical Planning\All foto cmd\Архив 2019\Архив 2019\37900\37900 - СтратНаноТек.xls,37900
W:\Theoretical Planning\All foto cmd\Архив 2019\Архив 2019\37904\37904 - Александр (пруток).xls,37904
W:\Theoretical Planning\All foto cmd\Архив 2019\Архив 2019\37906\37906- Сименс.xls,37906
W:\Theoretical Planning\All foto cmd\Архив 2019\Архив 2019\37907\37907- Саргасас_2019_04_19.xls,37907
W:\Theoretical Planning\All foto cmd\Архив 2019\Архив 2019\37909\37909- Стратнанотек.xls,37909
W:\Theoretical Planning\All foto cmd\Архив 2019\Архив 2019\37913\37913- Сименс_2019_05_29.xls,37913
W:\Theoretical Planning\All foto cmd\Архив 2019\Архив 2019\37915\37915 - Александр.xls,37915
W:\Theoretical Planning\All foto cmd\Архив 2019\Архив 2019\37918\37918 - Александр_12.03.19.xls,37918
W:\Theoretical Planning\All foto cmd\Архив 2019\Архив 2019\37919\37919 - ОКБ ТСП.xls,37919
W:\Theoretical Planning\All foto cmd\Архив 2019\Архив 2019\37919\37919 - ОКБ ТСПизмен.xls,37919
W:\Theoretical Planning\All foto cmd\Архив 2019\Архив 2019\37920\37920 - Спектрон.xls,37920
W:\Theoretical Planning\All foto cmd\Архив 2019\Архив 2019\37922\37922 - СтратНаноТекИнвест.xls,37922
W:\Theoretical Planning\All foto cmd\Архив 2019\Архив 2019\37923\37923- Сименс.xls,37923
W:\Theoretical Planning\All foto cmd\Архив 2019\Архив 2019\37926\37926 - Стратнанотек.xls,37926
W:\Theoretical Planning\All foto cmd\Архив 2019\Архив 2019\37927\37927 - Тахат Акси.xls,37927
W:\Theoretical Planning\All foto cmd\Архив 2019\Архив 2019\37928\37928-ECA HYTEC.xls,37928
W:\Theoretical Planning\All foto cmd\Архив 2019\Архив 2019\37929\37929 - Стратнанотек.xls,37929
W:\Theoretical Planning\All foto cmd\Архив 2019\Архив 2019\37930\37930-Сименс.xls,37930
W:\Theoretical Planning\All foto cmd\Архив 2019\Архив 2019\37931\37931_ECA HYTEC.xls,37931
W:\Theoretical Planning\All foto cmd\Архив 2019\Архив 2019\37934\37934-Спектрон.xls,37934
W:\Theoretical Planning\All foto cmd\Архив 2019\Архив 2019\37936\37936- ЦНИП.xls,37936
W:\Theoretical Planning\All foto cmd\Архив 2019\Архив 2019\37938\37938- Пеленг.xls,37938
W:\Theoretical Planning\All foto cmd\Архив 2019\Архив 2019\37941\37941- СтратНаноТек Инвест.xls,37941
W:\Theoretical Planning\All foto cmd\Архив 2019\Архив 2019\37946\37946 - СтратНаноТек.xls,37946
W:\Theoretical Planning\All foto cmd\Архив 2019\Архив 2019\37947\37947-ECA HYTEC_2019_03_18.xls,37947
W:\Theoretical Planning\All foto cmd\Архив 2019\Архив 2019\37950\37950 - Пеленг.xls,37950
W:\Theoretical Planning\All foto cmd\Архив 2019\Архив 2019\37950\37950_1 - Пеленг.xls,37950
W:\Theoretical Planning\All foto cmd\Архив 2019\Архив 2019\37955\37955 - Стратнанотек_2019_03_20.xls,37955
W:\Theoretical Planning\All foto cmd\Архив 2019\Архив 2019\37956\37956 - Пеленг.xls,37956
W:\Theoretical Planning\All foto cmd\Архив 2019\Архив 2019\37959\37959 - ТахатАкси.xls,37959
W:\Theoretical Planning\All foto cmd\Архив 2019\Архив 2019\37960\37960 - Гросвер Груп.xls,37960
W:\Theoretical Planning\All foto cmd\Архив 2019\Архив 2019\37961\37961 - СтратНаноТекИнвест_2019_03_25.xls,37961
W:\Theoretical Planning\All foto cmd\Архив 2019\Архив 2019\37964\37964 - Стратнанотек.xls,37964
W:\Theoretical Planning\All foto cmd\Архив 2019\Архив 2019\37967\37967-IBG HudroTech_2019_03_29.xls,37967
W:\Theoretical Planning\All foto cmd\Архив 2019\Архив 2019\37968\37968 - ECA HYTEC.xls,37968
W:\Theoretical Planning\All foto cmd\Архив 2019\Архив 2019\37969\37969- Файберлаб.xls,37969
W:\Theoretical Planning\All foto cmd\Архив 2019\Архив 2019\37978\37978-ECA HYTEC испр индекс.xls,37978
W:\Theoretical Planning\All foto cmd\Архив 2019\Архив 2019\37980\37980 - Fiberlab.xls,37980
W:\Theoretical Planning\All foto cmd\Архив 2019\Архив 2019\37981\37981 - ЦНИП.xls,37981
W:\Theoretical Planning\All foto cmd\Архив 2019\Архив 2019\37981\37981 - ЦНИП2.xls,37981
W:\Theoretical Planning\All foto cmd\Архив 2019\Архив 2019\37982\37982-ЦНИП.xls,37982
W:\Theoretical Planning\All foto cmd\Архив 2019\Архив 2019\37984\37984- Сименс_2019_05_28.xls,37984
W:\Theoretical Planning\All foto cmd\Архив 2019\Архив 2019\37987\37987- Сэмиинжинирг.xls,37987
W:\Theoretical Planning\All foto cmd\Архив 2019\Архив 2019\37991\37991-ECA HYTEC.xls,37991
W:\Theoretical Planning\All foto cmd\Архив 2019\Архив 2019\37992\37992- Пеленг_2019_04_02.xls,37992
"W:\Theoretical Planning\All foto cmd\Архив 2019\Архив 2019\37993\37993 - Спектрон23,07,19.xls",37993
W:\Theoretical Planning\All foto cmd\Архив 2019\Архив 2019\37995\37995 - Стратнанотек_2019_04_10.xls,37995
W:\Theoretical Planning\All foto cmd\Архив 2019\Архив 2019\37996\37996 - Стратнанотек.xls,37996
W:\Theoretical Planning\All foto cmd\Архив 2019\Архив 2019\37997\37997 - ЗСКА_2019_04_17.xls,37997
W:\Theoretical Planning\All foto cmd\Архив 2019\Архив 2019\37999\37999 - Александр 22.05.19.xls,37999
W:\Theoretical Planning\All foto cmd\Архив 2019\Архив 2019\38006\38006-Сименс_2019_05_28.xls,38006
W:\Theoretical Planning\All foto cmd\Архив 2019\Архив 2019\38007\38007-Сименс_2019_05_19.xls,38007
W:\Theoretical Planning\All foto cmd\Архив 2019\Архив 2019\38008\38008-Пеленг.xls,38008
W:\Theoretical Planning\All foto cmd\Архив 2019\Архив 2019\38015\38015- Александр (РФ).xls,38015
W:\Theoretical Planning\All foto cmd\Архив 2019\Архив 2019\38018\38018 - Стратнанотек Инвест.xls,38018
W:\Theoretical Planning\All foto cmd\Архив 2019\Архив 2019\38019\38019 - Стратнанотек Инвест.xls,38019
W:\Theoretical Planning\All foto cmd\Архив 2019\Архив 2019\38026\38026 - ECA HYTEC_2019_06_20.xls,38026
W:\Theoretical Planning\All foto cmd\Архив 2019\Архив 2019\38029\38029 - Пеленг.xls,38029
W:\Theoretical Planning\All foto cmd\Архив 2019\Архив 2019\38030\38030-ECA HYTEC_2019_05_04.xls,38030
W:\Theoretical Planning\All foto cmd\Архив 2019\Архив 2019\38032\38032 - Уральский Двор(500 сфер)_2019_04_24.xls,38032
W:\Theoretical Planning\All foto cmd\Архив 2019\Архив 2019\38033\38033 - Спецтехника.xls,38033
W:\Theoretical Planning\All foto cmd\Архив 2019\Архив 2019\38034\38034- Первая Инструментальная Компантия.xls,38034
W:\Theoretical Planning\All foto cmd\Архив 2019\Архив 2019\38035\38035-Сименс (РФ)_2019_04_22.xls,38035
W:\Theoretical Planning\All foto cmd\Архив 2019\Архив 2019\38037\38037 - СтратНаноТек Инвест.xls,38037
W:\Theoretical Planning\All foto cmd\Архив 2019\Архив 2019\38042\38042-Сименс_2019_05_28.xls,38042
W:\Theoretical Planning\All foto cmd\Архив 2019\Архив 2019\38043\38043- Сименс (РФ)_2019_05_28.xls,38043
W:\Theoretical Planning\All foto cmd\Архив 2019\Архив 2019\38044\38044 - Белгидравлика 18.05.19.xls,38044
"W:\Theoretical Planning\All foto cmd\Архив 2019\Архив 2019\38044\38044-1\38044-1 - Белгидравлика 20,05,19.xls",38044
W:\Theoretical Planning\All foto cmd\Архив 2019\Архив 2019\38048\38048 -Пеленг.xls,38048
W:\Theoretical Planning\All foto cmd\Архив 2019\Архив 2019\38049\38049- Пеленг.xls,38049
W:\Theoretical Planning\All foto cmd\Архив 2019\Архив 2019\38051\38051 - Стратнанотек.xls,38051
W:\Theoretical Planning\All foto cmd\Архив 2019\Архив 2019\38052\38052- СтратНаноТек Инвест.xls,38052
W:\Theoretical Planning\All foto cmd\Архив 2019\Архив 2019\38055\38055 - ИП Габрусь.xls,38055
W:\Theoretical Planning\All foto cmd\Архив 2019\Архив 2019\38059\38059-ECA HYTEC_2019_05_22.xls,38059
W:\Theoretical Planning\All foto cmd\Архив 2019\Архив 2019\38062\38062 -ECA HYTEC.xls,38062
"W:\Theoretical Planning\All foto cmd\Архив 2019\Архив 2019\38063\38063-ECA HYTEC(новый) 13,09,19.xls",38063
"W:\Theoretical Planning\All foto cmd\Архив 2019\Архив 2019\38063\38063,1\38063 - ECA HYTEC дополн 20.06.xls",38063
W:\Theoretical Planning\All foto cmd\Архив 2019\Архив 2019\38065\38065- Asutec($).xls,38065
W:\Theoretical Planning\All foto cmd\Архив 2019\Архив 2019\38068\38068 - Александр.xls,38068
W:\Theoretical Planning\All foto cmd\Архив 2019\Архив 2019\38070\38070 - ECA HYTEC(запуск).xls,38070
W:\Theoretical Planning\All foto cmd\Архив 2019\Архив 2019\38073\38073- Сименс_2019_05_28.xls,38073
W:\Theoretical Planning\All foto cmd\Архив 2019\Архив 2019\38074\38074-Сименс_2019_05_28.xls,38074
W:\Theoretical Planning\All foto cmd\Архив 2019\Архив 2019\38075\38075 - Респект +.xls,38075
W:\Theoretical Planning\All foto cmd\Архив 2019\Архив 2019\38076\38076 - Юник Лаб.xls,38076
W:\Theoretical Planning\All foto cmd\Архив 2019\Архив 2019\38078\38078 -МАВ.xls,38078
W:\Theoretical Planning\All foto cmd\Архив 2019\Архив 2019\38079\38079-ECA HYTEC.xls,38079
W:\Theoretical Planning\All foto cmd\Архив 2019\Архив 2019\38080\38080-Сименс_2019_05_28.xls,38080
W:\Theoretical Planning\All foto cmd\Архив 2019\Архив 2019\38081\38081- Линлайн.xls,38081
W:\Theoretical Planning\All foto cmd\Архив 2019\Архив 2019\38081\38081.1\38081_1- Линлайн.xls,38081
W:\Theoretical Planning\All foto cmd\Архив 2019\Архив 2019\38083\38083- ECA HYTEC_2019_05_21.xls,38083
W:\Theoretical Planning\All foto cmd\Архив 2019\Архив 2019\38084\38084- Спарк.xls,38084
W:\Theoretical Planning\All foto cmd\Архив 2019\Архив 2019\38089\38089 - Юник Лаб.xls,38089
W:\Theoretical Planning\All foto cmd\Архив 2019\Архив 2019\38091\38091_1-ЦНИП(Блок аппаратурный)новый.xls,38091
W:\Theoretical Planning\All foto cmd\Архив 2019\Архив 2019\38091\38091_2-ЦНИП(Механизм пуска)новый.xls,38091
W:\Theoretical Planning\All foto cmd\Архив 2019\Архив 2019\38091\38091_3-ЦНИП(Жгут).xls,38091
W:\Theoretical Planning\All foto cmd\Архив 2019\Архив 2019\38091\38091_4-ЦНИП(Тренога).xls,38091
W:\Theoretical Planning\All foto cmd\Архив 2019\Архив 2019\38092\38092 - ECA HYTEC.xls,38092
W:\Theoretical Planning\All foto cmd\Архив 2019\Архив 2019\38093\38093-Вавилова.xls,38093
W:\Theoretical Planning\All foto cmd\Архив 2019\Архив 2019\38096\38096- КОМПО.xls,38096
"W:\Theoretical Planning\All foto cmd\Архив 2019\Архив 2019\38103\38103 - Александр7,06,19.xls",38103
W:\Theoretical Planning\All foto cmd\Архив 2019\Архив 2019\38105\38105 - Пеленг.xls,38105
W:\Theoretical Planning\All foto cmd\Архив 2019\Архив 2019\38106\38106 - Файберлаб.xls,38106
W:\Theoretical Planning\All foto cmd\Архив 2019\Архив 2019\38107\38107- Александр ДОБАВЛ.xls,38107
W:\Theoretical Planning\All foto cmd\Архив 2019\Архив 2019\38108\38108 - Пеленг.xls,38108
W:\Theoretical Planning\All foto cmd\Архив 2019\Архив 2019\38109\38109- Пеленг.xls,38109
W:\Theoretical Planning\All foto cmd\Архив 2019\Архив 2019\38110\38110- Пеленг.xls,38110
W:\Theoretical Planning\All foto cmd\Архив 2019\Архив 2019\38111\38111 - Фотэк.xls,38111
W:\Theoretical Planning\All foto cmd\Архив 2019\Архив 2019\38114\38114 - Файберлаб.xls,38114
W:\Theoretical Planning\All foto cmd\Архив 2019\Архив 2019\38115\38115 - Мединдустрия сервис.xls,38115
"W:\Theoretical Planning\All foto cmd\Архив 2019\Архив 2019\38121\38121 - ECA HYTEC 13,08,19.xls",38121
W:\Theoretical Planning\All foto cmd\Архив 2019\Архив 2019\38123\38123-ECA HYTEC.xls,38123
W:\Theoretical Planning\All foto cmd\Архив 2019\Архив 2019\38131\38131 - ИП Габрусь.xls,38131
W:\Theoretical Planning\All foto cmd\Архив 2019\Архив 2019\38134\38134 - Файберлаб.xls,38134
W:\Theoretical Planning\All foto cmd\Архив 2019\Архив 2019\38135\38135 Сименс.xls,38135
W:\Theoretical Planning\All foto cmd\Архив 2019\Архив 2019\38136\38136 - Сименс.xls,38136
W:\Theoretical Planning\All foto cmd\Архив 2019\Архив 2019\38137\38137-Сименс.xls,38137
W:\Theoretical Planning\All foto cmd\Архив 2019\Архив 2019\38140\38140- Газ Аналитик.xls,38140
W:\Theoretical Planning\All foto cmd\Архив 2019\Архив 2019\38141\38141 - ЦНИП (формирование КП).xls,38141
W:\Theoretical Planning\All foto cmd\Архив 2019\Архив 2019\38143\38143 - Номакон.xls,38143
W:\Theoretical Planning\All foto cmd\Архив 2019\Архив 2019\38144\38144- Сименс.xls,38144
W:\Theoretical Planning\All foto cmd\Архив 2019\Архив 2019\38145\38145- Сименс.xls,38145
"W:\Theoretical Planning\All foto cmd\Архив 2019\Архив 2019\38149\38149_ECA HYTEC10,07,19.xls",38149
W:\Theoretical Planning\All foto cmd\Архив 2019\Архив 2019\38150\38150 - Спектрон 21.08.19.xls,38150
W:\Theoretical Planning\All foto cmd\Архив 2019\Архив 2019\38153\38153 - Сименс.xls,38153
W:\Theoretical Planning\All foto cmd\Архив 2019\Архив 2019\38154\38154-Сименс.xls,38154
W:\Theoretical Planning\All foto cmd\Архив 2019\Архив 2019\38155\38155 - Розум Роботикс.xls,38155
W:\Theoretical Planning\All foto cmd\Архив 2019\Архив 2019\38156\38156- ECA HYTEC.xls,38156
W:\Theoretical Planning\All foto cmd\Архив 2019\Архив 2019\38159\38159- Компания МК.xls,38159
W:\Theoretical Planning\All foto cmd\Архив 2019\Архив 2019\38160\38160-ECA HYTEC.xls,38160
W:\Theoretical Planning\All foto cmd\Архив 2019\Архив 2019\38162\38162 - ЛинлайнИЗМЕНЕНА ДАТА.xls,38162
W:\Theoretical Planning\All foto cmd\Архив 2019\Архив 2019\38164\38164 - ECA HYTEC.xls,38164
W:\Theoretical Planning\All foto cmd\Архив 2019\Архив 2019\38165\38165 - IBG HydroTech.xls,38165
W:\Theoretical Planning\All foto cmd\Архив 2019\Архив 2019\38169\38169 - 1 - СтратНаноТек Инвест.xls,38169
W:\Theoretical Planning\All foto cmd\Архив 2019\Архив 2019\38169\38169 - СтратНаноТек Инвест.xls,38169
W:\Theoretical Planning\All foto cmd\Архив 2019\Архив 2019\38170\38170-3- ЦНИП.xls,38170
W:\Theoretical Planning\All foto cmd\Архив 2019\Архив 2019\38170\38170_1-ЦНИП.xls,38170
W:\Theoretical Planning\All foto cmd\Архив 2019\Архив 2019\38170\38170_2-ЦНИП.xls,38170
W:\Theoretical Planning\All foto cmd\Архив 2019\Архив 2019\38170\38170_4-ЦНИПиспр.пробел.xls,38170
W:\Theoretical Planning\All foto cmd\Архив 2019\Архив 2019\38171\38171 - НИИ ЭВМ (16.07.19).xls,38171
W:\Theoretical Planning\All foto cmd\Архив 2019\Архив 2019\38173\38173 -  Транскрипт.xls,38173
W:\Theoretical Planning\All foto cmd\Архив 2019\Архив 2019\38175\38175 - Файберлаб.xls,38175
W:\Theoretical Planning\All foto cmd\Архив 2019\Архив 2019\38176\38176 - Файберлаб.xls,38176
W:\Theoretical Planning\All foto cmd\Архив 2019\Архив 2019\38177\38176 - Файберлаб.xls,38176
W:\Theoretical Planning\All foto cmd\Архив 2019\Архив 2019\38179\38179-ЦНИП(Доработка).xls,38179
W:\Theoretical Planning\All foto cmd\Архив 2019\Архив 2019\38181\38181 - НИИ ЭВМ (16.07.19).xls,38181
W:\Theoretical Planning\All foto cmd\Архив 2019\Архив 2019\38182\38182 - Стратнанотек.xls,38182
W:\Theoretical Planning\All foto cmd\Архив 2019\Архив 2019\38185\38185 - Респект-плюс.xls,38185
W:\Theoretical Planning\All foto cmd\Архив 2019\Архив 2019\38186\38186 - НТП ТКА.xls,38186
"W:\Theoretical Planning\All foto cmd\Архив 2019\Архив 2019\38187\38187 - Актагор ИСПРАВЛ 22,07,19.xls",38187
W:\Theoretical Planning\All foto cmd\Архив 2019\Архив 2019\38188\38188 - Файберлаб.xls,38188
W:\Theoretical Planning\All foto cmd\Архив 2019\Архив 2019\38189\38189 - МПС Технолоджи.xls,38189
W:\Theoretical Planning\All foto cmd\Архив 2019\Архив 2019\38191\38191 - ОКБ ТСП испр. дата.xls,38191
W:\Theoretical Planning\All foto cmd\Архив 2019\Архив 2019\38192\38192 - Розум Роботикс.xls,38192
W:\Theoretical Planning\All foto cmd\Архив 2019\Архив 2019\38194\38194 - 1 - Стратнанотек.xls,38194
W:\Theoretical Planning\All foto cmd\Архив 2019\Архив 2019\38194\38194 - СтратНаноТек изменение кол-ва.xls,38194
W:\Theoretical Planning\All foto cmd\Архив 2019\Архив 2019\38195\38195-Неро Электроникс 2.xls,38195
W:\Theoretical Planning\All foto cmd\Архив 2019\Архив 2019\38197\38197- Сименс.xls,38197
W:\Theoretical Planning\All foto cmd\Архив 2019\Архив 2019\38198\38197- Сименс.xls,38197
W:\Theoretical Planning\All foto cmd\Архив 2019\Архив 2019\38199\38199- Сименс.xls,38199
W:\Theoretical Planning\All foto cmd\Архив 2019\Архив 2019\38204\38204 - Пеленг.xls,38204
W:\Theoretical Planning\All foto cmd\Архив 2019\Архив 2019\38205\38205 - Пеленг.xls,38205
W:\Theoretical Planning\All foto cmd\Архив 2019\Архив 2019\38208\38208 - ЦНИП (доработка)_2019_08_07.xls,38208
W:\Theoretical Planning\All foto cmd\Архив 2019\Архив 2019\38210\38210-1 - Файберлаб.xls,38210
W:\Theoretical Planning\All foto cmd\Архив 2019\Архив 2019\38210\38210-2 - Файберлаб.xls,38210
W:\Theoretical Planning\All foto cmd\Архив 2019\Архив 2019\38213\38213 - ЦНИП.xls,38213
W:\Theoretical Planning\All foto cmd\Архив 2019\Архив 2019\38214\38214- Сименс.xls,38214
W:\Theoretical Planning\All foto cmd\Архив 2019\Архив 2019\38215\38215 - Транскрипт.xls,38215
W:\Theoretical Planning\All foto cmd\Архив 2019\Архив 2019\38217\38217- ECA HYTEC.xls,38217
W:\Theoretical Planning\All foto cmd\Архив 2019\Архив 2019\38218\38218 - ЦНИП.xls,38218
W:\Theoretical Planning\All foto cmd\Архив 2019\Архив 2019\38219\38219 - Стратнанотек 30.09.19.xls,38219
W:\Theoretical Planning\All foto cmd\Архив 2019\Архив 2019\38222\38222 - Мединдустрия Сервис.xls,38222
W:\Theoretical Planning\All foto cmd\Архив 2019\Архив 2019\38223\38223 - ТахатАкси.xls,38223
W:\Theoretical Planning\All foto cmd\Архив 2019\Архив 2019\38224\38224- Сименс.xls,38224
W:\Theoretical Planning\All foto cmd\Архив 2019\Архив 2019\38225\38225- Сименс.xls,38225
W:\Theoretical Planning\All foto cmd\Архив 2019\Архив 2019\38226\38226- Cименс.xls,38226
W:\Theoretical Planning\All foto cmd\Архив 2019\Архив 2019\38232\38232 - Техномаш.xls,38232
W:\Theoretical Planning\All foto cmd\Архив 2019\Архив 2019\38234\38234-ECA HYTEC.xls,38234
W:\Theoretical Planning\All foto cmd\Архив 2019\Архив 2019\38235\38235-ECA HYTEC.xls,38235
W:\Theoretical Planning\All foto cmd\Архив 2019\Архив 2019\38238\38238 - Стратнанотек.xls,38238
W:\Theoretical Planning\All foto cmd\Архив 2019\Архив 2019\38239\38239 - Мединдустрия СервисИСПРАВЛ.xls,38239
W:\Theoretical Planning\All foto cmd\Архив 2019\Архив 2019\38239\38239.xls,38239
W:\Theoretical Planning\All foto cmd\Архив 2019\Архив 2019\38241\38241 - Мединдустри я.xls,38241
W:\Theoretical Planning\All foto cmd\Архив 2019\Архив 2019\38242\38242 - Мединдустрия.xls,38242
W:\Theoretical Planning\All foto cmd\Архив 2019\Архив 2019\38245\38245 - Мединдустрия.xls,38245
W:\Theoretical Planning\All foto cmd\Архив 2019\Архив 2019\38246\38246- Промтехнология (финал) _2019_12_20.xls,38246
W:\Theoretical Planning\All foto cmd\Архив 2019\Архив 2019\38248\38248 - Сименс.xls,38248
W:\Theoretical Planning\All foto cmd\Архив 2019\Архив 2019\38249\38249- Сименс.xls,38249
W:\Theoretical Planning\All foto cmd\Архив 2019\Архив 2019\38250\38250 - Сименс.xls,38250
W:\Theoretical Planning\All foto cmd\Архив 2019\Архив 2019\38253\38253- Сименс.xls,38253
W:\Theoretical Planning\All foto cmd\Архив 2019\Архив 2019\38257\38257-Вавилова (YZ 21.10).xls,38257
W:\Theoretical Planning\All foto cmd\Архив 2019\Архив 2019\38258\38258 - ЗСКА.xls,38258
W:\Theoretical Planning\All foto cmd\Архив 2019\Архив 2019\38260\38260 - Спектрон.xls,38260
W:\Theoretical Planning\All foto cmd\Архив 2019\Архив 2019\38265\38265 - Транскрипт.xls,38265
W:\Theoretical Planning\All foto cmd\Архив 2019\Архив 2019\38266\38266 - Брэйк Хайдроликс.xls,38266
W:\Theoretical Planning\All foto cmd\Архив 2019\Архив 2019\38269\38269 - Пеленг.xls,38269
W:\Theoretical Planning\All foto cmd\Архив 2019\Архив 2019\38270\38270-Сименс.xls,38270
W:\Theoretical Planning\All foto cmd\Архив 2019\Архив 2019\38271\38271- Сименс.xls,38271
W:\Theoretical Planning\All foto cmd\Архив 2019\Архив 2019\38274\38274 - Y Tamuz.xls,38274
W:\Theoretical Planning\All foto cmd\Архив 2019\Архив 2019\38277\38277 -  Сатурн.xls,38277
W:\Theoretical Planning\All foto cmd\Архив 2019\Архив 2019\38281\38281- Сименс.xls,38281
W:\Theoretical Planning\All foto cmd\Архив 2019\Архив 2019\38282\38282- Cименс.xls,38282
W:\Theoretical Planning\All foto cmd\Архив 2019\Архив 2019\38285\38285 - Александр.xls,38285
W:\Theoretical Planning\All foto cmd\Архив 2019\Архив 2019\38286\38286 - Респект плюс.xls,38286
W:\Theoretical Planning\All foto cmd\Архив 2019\Архив 2019\38287\38287 - Мединдустрия ИСПР.xls,38287
W:\Theoretical Planning\All foto cmd\Архив 2019\Архив 2019\38288\38288-ECA HYTEC нов.xls,38288
W:\Theoretical Planning\All foto cmd\Архив 2019\Архив 2019\38289\38289- ПКТИ.xls,38289
W:\Theoretical Planning\All foto cmd\Архив 2019\Архив 2019\38294\38294 - СПАРК.xls,38294
W:\Theoretical Planning\All foto cmd\Архив 2019\Архив 2019\38295\38295- СтратнаноТек Инвест.xls,38295
W:\Theoretical Planning\All foto cmd\Архив 2019\Архив 2019\38296\38296 - Адани(Запуск).xls,38296
W:\Theoretical Planning\All foto cmd\Архив 2019\Архив 2019\38298\38298- Александр изм кол.xls,38298
W:\Theoretical Planning\All foto cmd\Архив 2019\Архив 2019\38299\38299 - Медин.xls,38299
W:\Theoretical Planning\All foto cmd\Архив 2019\Архив 2019\38301\38301-Сименс.xls,38301
W:\Theoretical Planning\All foto cmd\Архив 2019\Архив 2019\38302\38302- Сименс.xls,38302
W:\Theoretical Planning\All foto cmd\Архив 2019\Архив 2019\38303\38303- Сименс.xls,38303
W:\Theoretical Planning\All foto cmd\Архив 2019\Архив 2019\38304\38304- Мединдустрия Сервис.xls,38304
W:\Theoretical Planning\All foto cmd\Архив 2019\Архив 2019\38309\38309- Мединдустря Сервис.xls,38309
W:\Theoretical Planning\All foto cmd\Архив 2019\Архив 2019\38314\38314-ECA HYTEC.xls,38314
W:\Theoretical Planning\All foto cmd\Архив 2019\Архив 2019\38315\38315 - Медин.xls,38315
W:\Theoretical Planning\All foto cmd\Архив 2019\Архив 2019\38316\38316- СтратНаноТек Инвест.xls,38316
W:\Theoretical Planning\All foto cmd\Архив 2019\Архив 2019\38319\38319-Респект+.xls,38319
W:\Theoretical Planning\All foto cmd\Архив 2019\Архив 2019\38322\38322 - 2 - Стратнанотек.xls,38322
W:\Theoretical Planning\All foto cmd\Архив 2019\Архив 2019\38322\38322-1 - Стратнанотек .xls,38322
W:\Theoretical Planning\All foto cmd\Архив 2019\Архив 2019\38324\38324- СПАРК.xls,38324
W:\Theoretical Planning\All foto cmd\Архив 2019\Архив 2019\38325\38325 - Мединдустрия.xls,38325
W:\Theoretical Planning\All foto cmd\Архив 2019\Архив 2019\38327\38327 - Техномаш.xls,38327
W:\Theoretical Planning\All foto cmd\Архив 2019\Архив 2019\38330\38330-Белгидравлика.xls,38330
W:\Theoretical Planning\All foto cmd\Архив 2019\Архив 2019\38335\38335- Сименс.xls,38335
W:\Theoretical Planning\All foto cmd\Архив 2019\Архив 2019\38336\38336- Сименс.xls,38336
W:\Theoretical Planning\All foto cmd\Архив 2019\Архив 2019\38337\38337- Сименс.xls,38337
W:\Theoretical Planning\All foto cmd\Архив 2019\Архив 2019\38338\38338- Сименс.xls,38338
W:\Theoretical Planning\All foto cmd\Архив 2019\Архив 2019\38340\38340 - ECA HYTEC изм даты 2.xls,38340
W:\Theoretical Planning\All foto cmd\Архив 2019\Архив 2019\38346\38346- ECA HYTEC.xls,38346
W:\Theoretical Planning\All foto cmd\Архив 2019\Архив 2019\38347\38347- ECA HYTEC.xls,38347
W:\Theoretical Planning\All foto cmd\Архив 2019\Архив 2019\38348\38348 - Мединдустрия.xls,38348
W:\Theoretical Planning\All foto cmd\Архив 2019\Архив 2019\38355\38355 - 1  - Розум Роботикс.xls,38355
W:\Theoretical Planning\All foto cmd\Архив 2019\Архив 2019\38355\38355 - 3 - Розум Роботикс.xls,38355
W:\Theoretical Planning\All foto cmd\Архив 2019\Архив 2019\38357\38357 - Стратнанотек.xls,38357
"W:\Theoretical Planning\All foto cmd\Архив 2019\Архив 2019\38359\38359- ECA HYTEC14,10,19.xls",38359
W:\Theoretical Planning\All foto cmd\Архив 2019\Архив 2019\38360\38360- Matica Electronics.xls,38360
W:\Theoretical Planning\All foto cmd\Архив 2019\Архив 2019\38362\38362- Пеленг.xls,38362
W:\Theoretical Planning\All foto cmd\Архив 2019\Архив 2019\38364\38364 - Стратнанотек.xls,38364
W:\Theoretical Planning\All foto cmd\Архив 2019\Архив 2019\38366\38366 - ОКБ ТСП.xls,38366
W:\Theoretical Planning\All foto cmd\Архив 2019\Архив 2019\38367\38367 - Мединдустрия.xls,38367
W:\Theoretical Planning\All foto cmd\Архив 2019\Архив 2019\38369\38369- Александр24.10.19.xls,38369
W:\Theoretical Planning\All foto cmd\Архив 2019\Архив 2019\38371\38371- КМЗ.xls,38371
W:\Theoretical Planning\All foto cmd\Архив 2019\Архив 2019\38371\38390-КМЗ_1.xls,38390
W:\Theoretical Planning\All foto cmd\Архив 2019\Архив 2019\38372\38372 - ECA HYTEC.xls,38372
W:\Theoretical Planning\All foto cmd\Архив 2019\Архив 2019\38378- Пеленг\38378- Пеленг.xls,38378
W:\Theoretical Planning\All foto cmd\Архив 2019\Архив 2019\38379\38379 - АКТАГОР-ТЕЛЕКОМ.xls,38379
W:\Theoretical Planning\All foto cmd\Архив 2019\Архив 2019\38382\38382- Сименс.xls,38382
W:\Theoretical Planning\All foto cmd\Архив 2019\Архив 2019\38383\38383 - БСВТ.xls,38383
W:\Theoretical Planning\All foto cmd\Архив 2019\Архив 2019\38388\38388-СтратНаноТек Инвест.xls,38388
W:\Theoretical Planning\All foto cmd\Архив 2019\Архив 2019\38389\38389 - СтратНанотек.xls,38389
W:\Theoretical Planning\All foto cmd\Архив 2019\Архив 2019\38390\38390-КМЗ_1.xls,38390
W:\Theoretical Planning\All foto cmd\Архив 2019\Архив 2019\38393\38393- Пеленг_2019_12_09.xls,38393
W:\Theoretical Planning\All foto cmd\Архив 2019\Архив 2019\38394- Мединдустрия Сервис\38394- Мединдустрия Сервис.xls,38394
W:\Theoretical Planning\All foto cmd\Архив 2019\Архив 2019\38396\38396 - Лекфарм.xls,38396
W:\Theoretical Planning\All foto cmd\Архив 2019\Архив 2019\38399\38399-Asutec.xls,38399
W:\Theoretical Planning\All foto cmd\Архив 2019\Архив 2019\38400\38400 - Стратнанотек.xls,38400
W:\Theoretical Planning\All foto cmd\Архив 2019\Архив 2019\38401\38401- Спектрон(Запуск)_2019_11_15.xls,38401
W:\Theoretical Planning\All foto cmd\Архив 2019\Архив 2019\38402\38402 - Линлайн.xls,38402
W:\Theoretical Planning\All foto cmd\Архив 2019\Архив 2019\38406\38406-2 Файберлаб.xls,38406
W:\Theoretical Planning\All foto cmd\Архив 2019\Архив 2019\38407\38407 - Мединдустрия.xls,38407
W:\Theoretical Planning\All foto cmd\Архив 2019\Архив 2019\38409\38409-ECA HYTEC 20.11.19.xls,38409
W:\Theoretical Planning\All foto cmd\Архив 2019\Архив 2019\38412\38412-ECA HYTEC(запуск)_2019_11_11.xls,38412
W:\Theoretical Planning\All foto cmd\Архив 2019\Архив 2019\38412\38419-2  Катэрвиль (подтверждено).xls,38419
W:\Theoretical Planning\All foto cmd\Архив 2019\Архив 2019\38415\38415 - Газ Аналитик.xls,38415
W:\Theoretical Planning\All foto cmd\Архив 2019\Архив 2019\38418\38418 - КМЗ (1-я очередь)_2019_11_21.xls,38418
W:\Theoretical Planning\All foto cmd\Архив 2019\Архив 2019\38418\38418_2\38418 - КМЗ (1-я очередь)_2019_11_22.xls,38418
W:\Theoretical Planning\All foto cmd\Архив 2019\Архив 2019\38422\38422-Александр 25.11.19.xls,38422
W:\Theoretical Planning\All foto cmd\Архив 2019\Архив 2019\38423\38423-Зенит Беломо.xls,38423
W:\Theoretical Planning\All foto cmd\Архив 2019\Архив 2019\38425\38425- СтратНаноТек Инвест.xls,38425
W:\Theoretical Planning\All foto cmd\Архив 2019\Архив 2019\38429\38429- Y-Tamuz.xls,38429
W:\Theoretical Planning\All foto cmd\Архив 2019\Архив 2019\38433\38433-ECA HYTEC.xls,38433
W:\Theoretical Planning\All foto cmd\Архив 2019\Архив 2019\38438\38438 - БСВТ.xls,38438
W:\Theoretical Planning\All foto cmd\Архив 2019\Архив 2019\38439\38439 - РОВБИЛДЕР.xls,38439
W:\Theoretical Planning\All foto cmd\Архив 2019\Архив 2019\38442\38442 - Александр(237 комплектов; титан).xls,38442
W:\Theoretical Planning\All foto cmd\Архив 2019\Архив 2019\38444\38444 - БСВТ (без гальваники).xls,38444
W:\Theoretical Planning\All foto cmd\Архив 2019\Архив 2019\38449\38449 - НПП Александр.xls,38449
W:\Theoretical Planning\All foto cmd\Архив 2019\Архив 2019\38450\38450 - Респект плюс.xls,38450
"W:\Theoretical Planning\All foto cmd\Архив 2019\Архив 2019\38454\38454 - ECA HYTEC25,11,19.xls",38454
W:\Theoretical Planning\All foto cmd\Архив 2019\Архив 2019\38456\38456 - Matica_A.xls,38456
W:\Theoretical Planning\All foto cmd\Архив 2019\Архив 2019\38457\38457 - ОКБ ТСП (с покрытием) 21.11.19.xls,38457
W:\Theoretical Planning\All foto cmd\Архив 2019\Архив 2019\38460\38460 - Стратнанотек.xls,38460
W:\Theoretical Planning\All foto cmd\Архив 2019\Архив 2019\38464\38464 - Стратнанотек 22.11.19.xls,38464
W:\Theoretical Planning\All foto cmd\Архив 2019\Архив 2019\38469\38469 - ECA HYTEC 09.12.19.xls,38469
W:\Theoretical Planning\All foto cmd\Архив 2019\Архив 2019\38475\38475- Y-Tamuz.xls,38475
W:\Theoretical Planning\All foto cmd\Архив 2019\Архив 2019\38476\38476 - Стратнанотек.xls,38476
W:\Theoretical Planning\All foto cmd\Архив 2019\Архив 2019\38477\38477-ECA HYTEC.xls,38477
"W:\Theoretical Planning\All foto cmd\Архив 2019\Архив 2019\38479\38479 - ECA HYTEC 16,12,19.xls",38479
W:\Theoretical Planning\All foto cmd\Архив 2019\Архив 2019\38482\38482 -Сименс.xls,38482
W:\Theoretical Planning\All foto cmd\Архив 2019\Архив 2019\38483\38483 - 1 - Александр.xls,38483
W:\Theoretical Planning\All foto cmd\Архив 2019\Архив 2019\38483-2\38483 - 2 - Александр.xls,38483
W:\Theoretical Planning\All foto cmd\Архив 2019\Архив 2019\38483-3\38483 - 3 - Александр.xls,38483
W:\Theoretical Planning\All foto cmd\Архив 2019\Архив 2019\38484\38484 - Александр.xls,38484
W:\Theoretical Planning\All foto cmd\Архив 2019\Архив 2019\38485\38485- IBG Hydrotech.xls,38485
W:\Theoretical Planning\All foto cmd\Архив 2019\Архив 2019\38486\38486 - Александр.xls,38486
W:\Theoretical Planning\All foto cmd\Архив 2019\Архив 2019\38489\38489 - Мединдустрия Сервис.xls,38489
W:\Theoretical Planning\All foto cmd\Архив 2019\Архив 2019\38490\38490 - Мединдустрия Сервис.xls,38490
W:\Theoretical Planning\All foto cmd\Архив 2019\Архив 2019\38491\38491- СПАРК.xls,38491
W:\Theoretical Planning\All foto cmd\Архив 2019\Архив 2019\38496\38496 - Александр.xls,38496
W:\Theoretical Planning\All foto cmd\Архив 2019\Архив 2019\38497\38497-ECA HYTEC.xls,38497
"W:\Theoretical Planning\All foto cmd\Архив 2019\Архив 2019\38498\38498- Пеленг (анализ 09.12, YZ).xls",38498
W:\Theoretical Planning\All foto cmd\Архив 2019\Архив 2019\38499\38499 20.01.20.xls,38499
W:\Theoretical Planning\All foto cmd\Архив 2019\Архив 2019\38500\38500-ECA HYTEC.xls,38500
W:\Theoretical Planning\All foto cmd\Архив 2019\Архив 2019\38501\38501 - Стратнанотек.xls,38501
W:\Theoretical Planning\All foto cmd\Архив 2019\Архив 2019\38503-1\38503 - 1 - Стратнанотек.xls,38503
W:\Theoretical Planning\All foto cmd\Архив 2019\Архив 2019\38503-2\38503 - 2 - Стратнанотек.xls,38503
W:\Theoretical Planning\All foto cmd\Архив 2019\Архив 2019\38504\38504 - Александр.xls,38504
W:\Theoretical Planning\All foto cmd\Архив 2019\Архив 2019\38508\38508- Сименс.xls,38508
W:\Theoretical Planning\All foto cmd\Архив 2019\Архив 2019\38509\38509- Asutec.xls,38509
W:\Theoretical Planning\All foto cmd\Архив 2019\Архив 2019\38512\38512-Сименс.xls,38512
W:\Theoretical Planning\All foto cmd\Архив 2019\Архив 2019\38514\38514 - Транскрипт.xls,38514
W:\Theoretical Planning\All foto cmd\Архив 2019\Архив 2019\38516\38516 - Александр.xls,38516
W:\Theoretical Planning\All foto cmd\Архив 2019\Архив 2019\38519\38519 - Стратнанотек.xls,38519
W:\Theoretical Planning\All foto cmd\Архив 2019\Архив 2019\38520\38520 - Стратнанотек.xls,38520
W:\Theoretical Planning\All foto cmd\Архив 2019\Архив 2019\38521\38521-ECA HYTEC.xls,38521
W:\Theoretical Planning\All foto cmd\Архив 2019\Архив 2019\38522\38522 - ECA.xls,38522
W:\Theoretical Planning\All foto cmd\Архив 2019\Архив 2019\38526\38526_ECA HYTEC.xls,38526
W:\Theoretical Planning\All foto cmd\Архив 2019\Архив 2019\38527\38527- Сименс.xls,38527
W:\Theoretical Planning\All foto cmd\Архив 2019\Архив 2019\38528\38528-Сименс.xls,38528
W:\Theoretical Planning\All foto cmd\Архив 2019\Архив 2019\38529\38529 - Сименс.xls,38529
W:\Theoretical Planning\All foto cmd\Архив 2019\Архив 2019\38530\38530- Сименс.xls,38530
W:\Theoretical Planning\All foto cmd\Архив 2019\Архив 2019\38531\38531 - Спектрон.xls,38531
W:\Theoretical Planning\All foto cmd\Архив 2019\Архив 2019\38532\38532- СПАРК.xls,38532
W:\Theoretical Planning\All foto cmd\Архив 2019\Архив 2019\38534\38534-ECA HYTEC.xls,38534
W:\Theoretical Planning\All foto cmd\Архив 2019\Архив 2019\38535\38535 - Мединдустрия Сервис.xls,38535
W:\Theoretical Planning\All foto cmd\Архив 2019\Архив 2019\38538\38538-IBG Hydrotech.xls,38538
W:\Theoretical Planning\All foto cmd\Архив 2019\Архив 2019\38539\38539 - ОКБ ТСП.xls,38539
W:\Theoretical Planning\All foto cmd\Архив 2019\Архив 2019\38540\38540- Алпександр.xls,38540
W:\Theoretical Planning\All foto cmd\Архив 2019\Архив 2019\38545\38545 - Стратнанотек.xls,38545
W:\Theoretical Planning\All foto cmd\Архив 2019\Архив 2019\38549\38549 - Сименс.xls,38549
W:\Theoretical Planning\All foto cmd\Архив 2019\Архив 2019\38710\38710- 2-ЦНИП.xls,38710
W:\Theoretical Planning\All foto cmd\Архив 2019\Архив 2019\38710\38710_1-ЦНИП.xls,38710
