W:\Department - External Economic\ЗАКАЗЫ ВНУТРЕННИХ ПОТРЕБИТЕЛЕЙ\Consultations RTB-2018\37663-IBG HydroTech\37663-IBG -HydroTech.xls,37663
W:\Department - External Economic\ЗАКАЗЫ ВНУТРЕННИХ ПОТРЕБИТЕЛЕЙ\Consultations RTB-2019\37808 - IBG Gydrotech\37808 - IBG Gydrotech (запуск в производство).xls,37808
W:\Department - External Economic\ЗАКАЗЫ ВНУТРЕННИХ ПОТРЕБИТЕЛЕЙ\Consultations RTB-2019\37901- IBG Gydrotech\37901- IBG Gydrotech.xls,37901
W:\Department - External Economic\ЗАКАЗЫ ВНУТРЕННИХ ПОТРЕБИТЕЛЕЙ\Consultations RTB-2019\37967 - IBG Gydrotech\37967-IBG HudroTech.xls,37967
W:\Department - External Economic\ЗАКАЗЫ ВНУТРЕННИХ ПОТРЕБИТЕЛЕЙ\Consultations RTB-2019\37976-IBG Gydrotech\37976 - IBG Gydrotech.xls,37976
W:\Department - External Economic\ЗАКАЗЫ ВНУТРЕННИХ ПОТРЕБИТЕЛЕЙ\Consultations RTB-2019\38132- IBG HydroTech\38132-IBG HydroTech.xls,38132
W:\Department - External Economic\ЗАКАЗЫ ВНУТРЕННИХ ПОТРЕБИТЕЛЕЙ\Consultations RTB-2019\38165 - IBG HydroTech\38165 - IBG HydroTech.xls,38165
W:\Department - External Economic\ЗАКАЗЫ ВНУТРЕННИХ ПОТРЕБИТЕЛЕЙ\Consultations RTB-2019\38168 - IBG Hydrotech\38168 -  IBG HydroTech.xls,38168
W:\Department - External Economic\ЗАКАЗЫ ВНУТРЕННИХ ПОТРЕБИТЕЛЕЙ\Consultations RTB-2019\38318 - IBG Hydrotech\38318 - IBG.xls,38318
W:\Department - External Economic\ЗАКАЗЫ ВНУТРЕННИХ ПОТРЕБИТЕЛЕЙ\Consultations RTB-2019\38320 - IBG Hydrotech\38320 - IBG Hidrotech.xls,38320
W:\Department - External Economic\ЗАКАЗЫ ВНУТРЕННИХ ПОТРЕБИТЕЛЕЙ\Consultations RTB-2019\38473-IBG Gydrotech\38473 - IBG Hydrotech.xls,38473
W:\Department - External Economic\ЗАКАЗЫ ВНУТРЕННИХ ПОТРЕБИТЕЛЕЙ\Consultations RTB-2019\38480-IBG Hydrotech\38480 - IBG.xls,38480
W:\Department - External Economic\ЗАКАЗЫ ВНУТРЕННИХ ПОТРЕБИТЕЛЕЙ\Consultations RTB-2019\38485 - IBG Hydrotech\38485- IBG Hydrotech.xls,38485
W:\Department - External Economic\ЗАКАЗЫ ВНУТРЕННИХ ПОТРЕБИТЕЛЕЙ\Consultations RTB-2019\38502- IBG Gidrotech\38502 - IBG.xls,38502
W:\Department - External Economic\ЗАКАЗЫ ВНУТРЕННИХ ПОТРЕБИТЕЛЕЙ\Consultations RTB-2019\38505- IBG Hydrotech\38505 - IBG.xls,38505
W:\Department - External Economic\ЗАКАЗЫ ВНУТРЕННИХ ПОТРЕБИТЕЛЕЙ\Consultations RTB-2019\38538 - IBG Hydrotech\38538-IBG Hydrotech.xls,38538
W:\Department - External Economic\ЗАКАЗЫ ВНУТРЕННИХ ПОТРЕБИТЕЛЕЙ\Consultations RTB-2019\IBG Gydrotech\37663-IBG HydroTech\37663-IBG -HydroTech.xls,37663
W:\Department - External Economic\ЗАКАЗЫ ВНУТРЕННИХ ПОТРЕБИТЕЛЕЙ\Consultations RTB-2019\IBG Gydrotech\37808 - IBG Gydrotech\37808 - IBG Gydrotech.xls,37808
W:\Department - External Economic\ЗАКАЗЫ ВНУТРЕННИХ ПОТРЕБИТЕЛЕЙ\Consultations RTB-2019\IBG Gydrotech\37888 - IBG Gydrotech\37888 - IBG Gydrotech.xls,37888
W:\Department - External Economic\ЗАКАЗЫ ВНУТРЕННИХ ПОТРЕБИТЕЛЕЙ\Consultations RTB-2019\IBG Gydrotech\37901- IBG Gydrotech\37901- IBG Gydrotech.xls,37901
W:\Department - External Economic\ЗАКАЗЫ ВНУТРЕННИХ ПОТРЕБИТЕЛЕЙ\consultations RTB-2020\38568 - IBG Hydrotech\38568-IBG Hydrotech.xls,38568
W:\Department - External Economic\ЗАКАЗЫ ВНУТРЕННИХ ПОТРЕБИТЕЛЕЙ\consultations RTB-2020\38599 - IBG Hydrotech\38599-IBG Hydrotech.xls,38599
W:\Department - External Economic\ЗАКАЗЫ ВНУТРЕННИХ ПОТРЕБИТЕЛЕЙ\consultations RTB-2020\38615 - IBG Hydrotech\38615 - IBG.xls,38615
W:\Department - External Economic\ЗАКАЗЫ ВНУТРЕННИХ ПОТРЕБИТЕЛЕЙ\consultations RTB-2020\38644 - IBG Hydrotech\38644 - IBG Hydrotech.xls,38644
W:\Department - External Economic\ЗАКАЗЫ ВНУТРЕННИХ ПОТРЕБИТЕЛЕЙ\consultations RTB-2020\38645 - IBG Hydrotech\38645 - IBG Hydrotech.xls,38645
W:\Department - External Economic\ЗАКАЗЫ ВНУТРЕННИХ ПОТРЕБИТЕЛЕЙ\consultations RTB-2020\38646 - IBG Hydrotech\38646 - IBG Hydrotech.xls,38646
