W:\Department - External Economic\ЗАКАЗЫ ВНУТРЕННИХ ПОТРЕБИТЕЛЕЙ\Consultations RTB-2017\36621 - Спектрон\36621 - Спектрон.xls,36621
W:\Department - External Economic\ЗАКАЗЫ ВНУТРЕННИХ ПОТРЕБИТЕЛЕЙ\Consultations RTB-2017\36639 - Спектрон\36639 - Спектрон.xls,36639
W:\Department - External Economic\ЗАКАЗЫ ВНУТРЕННИХ ПОТРЕБИТЕЛЕЙ\Consultations RTB-2017\36647-Спектрон\36647 - Спектрон.xls,36647
W:\Department - External Economic\ЗАКАЗЫ ВНУТРЕННИХ ПОТРЕБИТЕЛЕЙ\Consultations RTB-2017\36793-Спектрон\36793 - Спектрон(Запуск).xls,36793
W:\Department - External Economic\ЗАКАЗЫ ВНУТРЕННИХ ПОТРЕБИТЕЛЕЙ\Consultations RTB-2017\36935- Спектрон\36935- Спектрон(запуск)04.12.2017.xls,36935
W:\Department - External Economic\ЗАКАЗЫ ВНУТРЕННИХ ПОТРЕБИТЕЛЕЙ\Consultations RTB-2017\36977- Спектрон\36977 - Спектрон.xls,36977
W:\Department - External Economic\ЗАКАЗЫ ВНУТРЕННИХ ПОТРЕБИТЕЛЕЙ\Consultations RTB-2018\37151- Спектрон\37151- Спектрон.xls,37151
W:\Department - External Economic\ЗАКАЗЫ ВНУТРЕННИХ ПОТРЕБИТЕЛЕЙ\Consultations RTB-2018\37151- Спектрон\37151_1- Спектрон.xls,37151
W:\Department - External Economic\ЗАКАЗЫ ВНУТРЕННИХ ПОТРЕБИТЕЛЕЙ\Consultations RTB-2018\37237 - Спектрон\37237- Спектрон.xls,37237
W:\Department - External Economic\ЗАКАЗЫ ВНУТРЕННИХ ПОТРЕБИТЕЛЕЙ\Consultations RTB-2018\37522- Спектрон\37522 - Спектрон.xls,37522
W:\Department - External Economic\ЗАКАЗЫ ВНУТРЕННИХ ПОТРЕБИТЕЛЕЙ\Consultations RTB-2018\37528 -Спектрон\37528- Спектрон.xls,37528
W:\Department - External Economic\ЗАКАЗЫ ВНУТРЕННИХ ПОТРЕБИТЕЛЕЙ\Consultations RTB-2019\37920- Спектрон\37920 - Спектрон.xls,37920
W:\Department - External Economic\ЗАКАЗЫ ВНУТРЕННИХ ПОТРЕБИТЕЛЕЙ\Consultations RTB-2019\37934 - Спектрон\37934-Спектрон.xls,37934
W:\Department - External Economic\ЗАКАЗЫ ВНУТРЕННИХ ПОТРЕБИТЕЛЕЙ\Consultations RTB-2019\37993 - Спектрон\37993 - Спектрон.xls,37993
W:\Department - External Economic\ЗАКАЗЫ ВНУТРЕННИХ ПОТРЕБИТЕЛЕЙ\Consultations RTB-2019\38150-Спектрон\38150 - Спектрон.xls,38150
W:\Department - External Economic\ЗАКАЗЫ ВНУТРЕННИХ ПОТРЕБИТЕЛЕЙ\Consultations RTB-2019\38260 - Спектрон\38260 - Спектрон.xls,38260
W:\Department - External Economic\ЗАКАЗЫ ВНУТРЕННИХ ПОТРЕБИТЕЛЕЙ\Consultations RTB-2019\38261 - Спектрон\38261 - Спектрон.xls,38261
W:\Department - External Economic\ЗАКАЗЫ ВНУТРЕННИХ ПОТРЕБИТЕЛЕЙ\Consultations RTB-2019\38401- Спектрон\38401- Спектрон(Запуск).xls,38401
W:\Department - External Economic\ЗАКАЗЫ ВНУТРЕННИХ ПОТРЕБИТЕЛЕЙ\Consultations RTB-2019\38531 - Спектрон\38531 - Спектрон.xls,38531
W:\Department - External Economic\ЗАКАЗЫ ВНУТРЕННИХ ПОТРЕБИТЕЛЕЙ\Consultations RTB-2019\38537 - Спектрон\38537- Спектрон (24.12.2019).xls,38537
W:\Department - External Economic\ЗАКАЗЫ ВНУТРЕННИХ ПОТРЕБИТЕЛЕЙ\consultations RTB-2020\38647 - Спектрон\38647 - Спектрон.xls,38647
W:\Department - External Economic\ЗАКАЗЫ ВНУТРЕННИХ ПОТРЕБИТЕЛЕЙ\consultations RTB-2020\38793 - Спектрон\38793 -1 - Спектрон.xls,38793
W:\Department - External Economic\ЗАКАЗЫ ВНУТРЕННИХ ПОТРЕБИТЕЛЕЙ\consultations RTB-2020\38793 - Спектрон\38793 -2 - Спектрон.xls,38793
W:\Department - External Economic\ЗАКАЗЫ ВНУТРЕННИХ ПОТРЕБИТЕЛЕЙ\consultations RTB-2020\38836- Спектрон\38836 - Спектрон.xls,38836
W:\Department - External Economic\ЗАКАЗЫ ВНУТРЕННИХ ПОТРЕБИТЕЛЕЙ\consultations RTB-2020\38886-Спектрон\38886- Спектрон.xls,38886
W:\Department - External Economic\ЗАКАЗЫ ВНУТРЕННИХ ПОТРЕБИТЕЛЕЙ\consultations RTB-2020\38903 - Спектрон\38903 - Спектрон.xls,38903
W:\Department - External Economic\ЗАКАЗЫ ВНУТРЕННИХ ПОТРЕБИТЕЛЕЙ\consultations RTB-2020\38978 - Спектрон\38978- Спектрон КП от 09.09.2020.xls,38978
W:\Department - External Economic\ЗАКАЗЫ ВНУТРЕННИХ ПОТРЕБИТЕЛЕЙ\consultations RTB-2020\38978 - Спектрон\38978_1- Спектрон.xls,38978
W:\Department - External Economic\ЗАКАЗЫ ВНУТРЕННИХ ПОТРЕБИТЕЛЕЙ\consultations RTB-2020\39025 - Спектрон\39025 - Спектрон.xls,39025
W:\Department - External Economic\ЗАКАЗЫ ВНУТРЕННИХ ПОТРЕБИТЕЛЕЙ\consultations RTB-2020\39068-Спектрон\39068- Спектрон.xls,39068
W:\Department - External Economic\ЗАКАЗЫ ВНУТРЕННИХ ПОТРЕБИТЕЛЕЙ\consultations RTB-2020\39083 - Спектрон\39083-Спектрон.xls,39083
W:\Department - External Economic\ЗАКАЗЫ ВНУТРЕННИХ ПОТРЕБИТЕЛЕЙ\consultations RTB-2020\39161-Спектрон\39161 - Спектрон.xls,39161
W:\Department - External Economic\ЗАКАЗЫ ВНУТРЕННИХ ПОТРЕБИТЕЛЕЙ\consultations RTB-2020\39170 - Спектрон\39170 - Спектрон (расчёт).xls,39170
W:\Department - External Economic\ЗАКАЗЫ ВНУТРЕННИХ ПОТРЕБИТЕЛЕЙ\consultations RTB-2020\39215 - Спектрон\39215- Спектрон.xls,39215
W:\Department - External Economic\ЗАКАЗЫ ВНУТРЕННИХ ПОТРЕБИТЕЛЕЙ\consultations RTB-2020\39246 - Спектрон\39246 - Спектрон .xls,39246
W:\Department - External Economic\ЗАКАЗЫ ВНУТРЕННИХ ПОТРЕБИТЕЛЕЙ\consultations RTB-2020\39272 - Спектрон\39272-Спектрон.xls,39272
